<!--
             LUFA Library
     Copyright (C) Dean Camera, 2013.

  dean [at] fourwalledcubicle [dot] com
           www.lufa-lib.org
-->

<!-- Atmel Studio framework integration file -->

<lufa>
	<asf>
		<module type="service" id="lufa.drivers.usb.class.android" caption="LUFA USB Class Driver - Android Accessory">
			<device-support-alias value="lufa_avr8"/>
			<device-support-alias value="lufa_xmega"/>
			<device-support-alias value="lufa_uc3"/>

			<info type="gui-flag" value="hidden"/>
			<build type="doxygen-entry-point" value="Group_USBClassAOA"/>

			<build type="header-file" value="Drivers/USB/Class/AndroidAccessoryClass.h"/>
			<build type="header-file" value="Drivers/USB/Class/Common/AndroidAccessoryClassCommon.h"/>
			<build type="header-file" value="Drivers/USB/Class/Host/AndroidAccessoryClassHost.h"/>
			<build type="c-source"    value="Drivers/USB/Class/Host/AndroidAccessoryClassHost.c"/>
		</module>

		<module type="service" id="lufa.drivers.usb.class.audio" caption="LUFA USB Class Driver - Audio 1.0">
			<device-support-alias value="lufa_avr8"/>
			<device-support-alias value="lufa_xmega"/>
			<device-support-alias value="lufa_uc3"/>

			<info type="gui-flag" value="hidden"/>
			<build type="doxygen-entry-point" value="Group_USBClassAudio"/>

			<build type="header-file" value="Drivers/USB/Class/AudioClass.h"/>
			<build type="header-file" value="Drivers/USB/Class/Common/AudioClassCommon.h"/>
			<build type="header-file" value="Drivers/USB/Class/Device/AudioClassDevice.h"/>
			<build type="c-source"    value="Drivers/USB/Class/Device/AudioClassDevice.c"/>
			<build type="header-file" value="Drivers/USB/Class/Host/AudioClassHost.h"/>
			<build type="c-source"    value="Drivers/USB/Class/Host/AudioClassHost.c"/>
		</module>

		<module type="service" id="lufa.drivers.usb.class.cdc" caption="LUFA USB Class Driver - CDC">
			<device-support-alias value="lufa_avr8"/>
			<device-support-alias value="lufa_xmega"/>
			<device-support-alias value="lufa_uc3"/>

			<info type="gui-flag" value="hidden"/>
			<build type="doxygen-entry-point" value="Group_USBClassCDC"/>

			<build type="header-file" value="Drivers/USB/Class/CDCClass.h"/>
			<build type="header-file" value="Drivers/USB/Class/Common/CDCClassCommon.h"/>
			<build type="header-file" value="Drivers/USB/Class/Device/CDCClassDevice.h"/>
			<build type="c-source"    value="Drivers/USB/Class/Device/CDCClassDevice.c"/>
			<build type="header-file" value="Drivers/USB/Class/Host/CDCClassHost.h"/>
			<build type="c-source"    value="Drivers/USB/Class/Host/CDCClassHost.c"/>
		</module>

		<module type="service" id="lufa.drivers.usb.class.hid" caption="LUFA USB Class Driver - HID">
			<device-support-alias value="lufa_avr8"/>
			<device-support-alias value="lufa_xmega"/>
			<device-support-alias value="lufa_uc3"/>

			<info type="gui-flag" value="hidden"/>
			<build type="doxygen-entry-point" value="Group_USBClassHID"/>

			<build type="header-file" value="Drivers/USB/Class/HIDClass.h"/>
			<build type="header-file" value="Drivers/USB/Class/Common/HIDClassCommon.h"/>
			<build type="header-file" value="Drivers/USB/Class/Device/HIDClassDevice.h"/>
			<build type="c-source"    value="Drivers/USB/Class/Device/HIDClassDevice.c"/>
			<build type="header-file" value="Drivers/USB/Class/Host/HIDClassHost.h"/>
			<build type="c-source"    value="Drivers/USB/Class/Host/HIDClassHost.c"/>
		</module>

		<module type="service" id="lufa.drivers.usb.class.ms" caption="LUFA USB Class Driver - Mass Storage">
			<device-support-alias value="lufa_avr8"/>
			<device-support-alias value="lufa_xmega"/>
			<device-support-alias value="lufa_uc3"/>

			<info type="gui-flag" value="hidden"/>
			<build type="doxygen-entry-point" value="Group_USBClassMS"/>

			<build type="header-file" value="Drivers/USB/Class/MassStorageClass.h"/>
			<build type="header-file" value="Drivers/USB/Class/Common/MassStorageClassCommon.h"/>
			<build type="header-file" value="Drivers/USB/Class/Device/MassStorageClassDevice.h"/>
			<build type="c-source"    value="Drivers/USB/Class/Device/MassStorageClassDevice.c"/>
			<build type="header-file" value="Drivers/USB/Class/Host/MassStorageClassHost.h"/>
			<build type="c-source"    value="Drivers/USB/Class/Host/MassStorageClassHost.c"/>
		</module>

		<module type="service" id="lufa.drivers.usb.class.midi" caption="LUFA USB Class Driver - MIDI">
			<device-support-alias value="lufa_avr8"/>
			<device-support-alias value="lufa_xmega"/>
			<device-support-alias value="lufa_uc3"/>

			<info type="gui-flag" value="hidden"/>
			<build type="doxygen-entry-point" value="Group_USBClassMIDI"/>

			<build type="header-file" value="Drivers/USB/Class/MIDIClass.h"/>
			<build type="header-file" value="Drivers/USB/Class/Common/MIDIClassCommon.h"/>
			<build type="header-file" value="Drivers/USB/Class/Device/MIDIClassDevice.h"/>
			<build type="c-source"    value="Drivers/USB/Class/Device/MIDIClassDevice.c"/>
			<build type="header-file" value="Drivers/USB/Class/Host/MIDIClassHost.h"/>
			<build type="c-source"    value="Drivers/USB/Class/Host/MIDIClassHost.c"/>
		</module>

		<module type="service" id="lufa.drivers.usb.class.printer" caption="LUFA USB Class Driver - Printer">
			<device-support-alias value="lufa_avr8"/>
			<device-support-alias value="lufa_xmega"/>
			<device-support-alias value="lufa_uc3"/>

			<info type="gui-flag" value="hidden"/>
			<build type="doxygen-entry-point" value="Group_USBClassPrinter"/>

			<build type="header-file" value="Drivers/USB/Class/PrinterClass.h"/>
			<build type="header-file" value="Drivers/USB/Class/Common/PrinterClassCommon.h"/>
			<build type="header-file" value="Drivers/USB/Class/Host/PrinterClassHost.h"/>
			<build type="c-source"    value="Drivers/USB/Class/Host/PrinterClassHost.c"/>
		</module>

		<module type="service" id="lufa.drivers.usb.class.rndis" caption="LUFA USB Class Driver - RNDIS Ethernet">
			<device-support-alias value="lufa_avr8"/>
			<device-support-alias value="lufa_xmega"/>
			<device-support-alias value="lufa_uc3"/>

			<info type="gui-flag" value="hidden"/>
			<build type="doxygen-entry-point" value="Group_USBClassRNDIS"/>

			<build type="header-file" value="Drivers/USB/Class/RNDISClass.h"/>
			<build type="header-file" value="Drivers/USB/Class/Common/RNDISClassCommon.h"/>
			<build type="header-file" value="Drivers/USB/Class/Device/RNDISClassDevice.h"/>
			<build type="c-source"    value="Drivers/USB/Class/Device/RNDISClassDevice.c"/>
			<build type="header-file" value="Drivers/USB/Class/Host/RNDISClassHost.h"/>
			<build type="c-source"    value="Drivers/USB/Class/Host/RNDISClassHost.c"/>
		</module>

		<module type="service" id="lufa.drivers.usb.class.si" caption="LUFA USB Class Driver - Still Image">
			<device-support-alias value="lufa_avr8"/>
			<device-support-alias value="lufa_xmega"/>
			<device-support-alias value="lufa_uc3"/>

			<info type="gui-flag" value="hidden"/>
			<build type="doxygen-entry-point" value="Group_USBClassSI"/>

			<build type="header-file" value="Drivers/USB/Class/StillImageClass.h"/>
			<build type="header-file" value="Drivers/USB/Class/Common/StillImageClassCommon.h"/>
			<build type="header-file" value="Drivers/USB/Class/Host/StillImageClassHost.h"/>
			<build type="c-source"    value="Drivers/USB/Class/Host/StillImageClassHost.c"/>
		</module>

		<module type="service" id="lufa.drivers.usb.class" caption="LUFA USB Class Drivers">
			<device-support-alias value="lufa_avr8"/>
			<device-support-alias value="lufa_xmega"/>
			<device-support-alias value="lufa_uc3"/>

			<info type="gui-flag" value="hidden"/>
			<build type="doxygen-entry-point" value="Group_USBClassDrivers"/>

			<require idref="lufa.drivers.usb.class.android"/>
			<require idref="lufa.drivers.usb.class.audio"/>
			<require idref="lufa.drivers.usb.class.cdc"/>
			<require idref="lufa.drivers.usb.class.hid"/>
			<require idref="lufa.drivers.usb.class.ms"/>
			<require idref="lufa.drivers.usb.class.midi"/>
			<require idref="lufa.drivers.usb.class.printer"/>
			<require idref="lufa.drivers.usb.class.rndis"/>
			<require idref="lufa.drivers.usb.class.si"/>
		</module>
	</asf>
</lufa>